{
  "AP": 0.24955587664029558,
  "AP50": 0.3341702591311762,
  "AP75": 0.29432943294329433,
  "AP_large": -1.0,
  "AP_medium": 0.4498585572842999,
  "AP_small": 0.0,
  "AR1": 0.047368421052631574,
  "AR10": 0.20526315789473681,
  "AR100": 0.3052631578947368,
  "AR_large": -1.0,
  "AR_medium": 0.5272727272727272,
  "AR_small": 0.0,
  "average_time_per_image": 1.0
}