{
  "AP": 0.24783333623769188,
  "AP50": 0.3452112960875027,
  "AP75": 0.31239690425461913,
  "AP_large": 0.6231225550944768,
  "AP_medium": 0.3257184755710534,
  "AP_small": 0.0,
  "AR1": 0.04297782470960929,
  "AR10": 0.2590285110876452,
  "AR100": 0.2590285110876452,
  "AR_large": 0.7125,
  "AR_medium": 0.3365781710914454,
  "AR_small": 0.0,
  "average_time_per_image": 1.341570273989198
}