{
  "AP": 0.33669862188415256,
  "AP50": 0.5534359624438133,
  "AP75": 0.3844216737410772,
  "AP_large": 0.6157211365277884,
  "AP_medium": 0.4517145190992162,
  "AP_small": 0.012175056031763219,
  "AR1": 0.04160506863780359,
  "AR10": 0.3174234424498416,
  "AR100": 0.404857444561774,
  "AR_large": 0.7333333333333334,
  "AR_medium": 0.530825958702065,
  "AR_small": 0.02408163265306123,
  "average_time_per_image": 1.3421963446557859
}