{
  "AP": 0.08934678629670022,
  "AP50": 0.1512831778080731,
  "AP75": 0.0997018347520109,
  "AP_large": 0.07054589038205245,
  "AP_medium": 0.15475039384129124,
  "AP_small": 0.0003778512087661968,
  "AR1": 0.07266584455827484,
  "AR10": 0.2698760513501549,
  "AR100": 0.3019963321317903,
  "AR_large": 0.5613636363636363,
  "AR_medium": 0.37099973265316444,
  "AR_small": 0.0034759358288770055,
  "average_time_per_image": 1.3137524895748849
}