{
  "AP": 0.21610211680667596,
  "AP50": 0.39152174135668394,
  "AP75": 0.2343578531408638,
  "AP_large": 0.2392637008368865,
  "AP_medium": 0.31175162983644844,
  "AP_small": 0.013596641972791559,
  "AR1": 0.029989440337909186,
  "AR10": 0.23759239704329463,
  "AR100": 0.3774023231256599,
  "AR_large": 0.6,
  "AR_medium": 0.49808259587020653,
  "AR_small": 0.02163265306122449,
  "average_time_per_image": 1.3675016171514651
}