{
  "AP": 0.30332652523106,
  "AP50": 0.5476851939101729,
  "AP75": 0.3276671803337126,
  "AP_large": 0.46775877110582564,
  "AP_medium": 0.40934796732906126,
  "AP_small": 0.007023533758283838,
  "AR1": 0.03928194297782471,
  "AR10": 0.29303062302006333,
  "AR100": 0.4170010559662091,
  "AR_large": 0.7083333333333334,
  "AR_medium": 0.5432153392330383,
  "AR_small": 0.03918367346938776,
  "average_time_per_image": 87.98644052658763
}