{
  "AP": 0.35876899805633505,
  "AP50": 0.5569229635396012,
  "AP75": 0.4291772587052554,
  "AP_large": 0.6253503108568584,
  "AP_medium": 0.48812180567764113,
  "AP_small": 0.00263533565103357,
  "AR1": 0.04297782470960929,
  "AR10": 0.326610348468849,
  "AR100": 0.4196409714889124,
  "AR_large": 0.725,
  "AR_medium": 0.5513274336283185,
  "AR_small": 0.02530612244897959,
  "average_time_per_image": 1.3025137994970595
}