{
  "AP": 0.3737669207149579,
  "AP50": 0.6833994627591782,
  "AP75": 0.39418959979591156,
  "AP_large": 0.49675328284272924,
  "AP_medium": 0.4547147672185432,
  "AP_small": 0.006427926248547098,
  "AR1": 0.07758331573389651,
  "AR10": 0.3837831045406547,
  "AR100": 0.4363463569165787,
  "AR_large": 0.6057291666666667,
  "AR_medium": 0.4952064896755163,
  "AR_small": 0.04408163265306123,
  "average_time_per_image": 81.53561125952622
}