{
  "AP": 0.2821945604348431,
  "AP50": 0.46454070467379016,
  "AP75": 0.35897440089636706,
  "AP_large": 0.28589377178150266,
  "AP_medium": -1.0,
  "AP_small": -1.0,
  "AR1": 0.07224489795918368,
  "AR10": 0.29816326530612247,
  "AR100": 0.3055102040816326,
  "AR_large": 0.3055102040816326,
  "AR_medium": -1.0,
  "AR_small": -1.0,
  "average_time_per_image": 32.588777575492855
}