{
  "AP": 0.05412541254125413,
  "AP50": 0.24092409240924095,
  "AP75": 0.0,
  "AP_large": 0.05412541254125413,
  "AP_medium": -1.0,
  "AP_small": -1.0,
  "AR1": 0.01,
  "AR10": 0.065,
  "AR100": 0.065,
  "AR_large": 0.065,
  "AR_medium": -1.0,
  "AR_small": -1.0,
  "average_time_per_image": 1.3155280113220216
}