{
  "AP": 0.168004094001485,
  "AP50": 0.39373236183129084,
  "AP75": 0.17153643816401934,
  "AP_large": 0.17169396924083272,
  "AP_medium": 0.0,
  "AP_small": -1.0,
  "AR1": 0.035100000000000006,
  "AR10": 0.18839999999999998,
  "AR100": 0.1971,
  "AR_large": 0.20174002047082906,
  "AR_medium": 0.0,
  "AR_small": -1.0,
  "average_time_per_image": 209.43915261745454
}