{
  "AP": 0.04172299786369614,
  "AP50": 0.08911417457535227,
  "AP75": 0.04186704384724186,
  "AP_large": 0.06972335468841001,
  "AP_medium": -1.0,
  "AP_small": -1.0,
  "AR1": 0.0,
  "AR10": 0.030000000000000006,
  "AR100": 0.205,
  "AR_large": 0.205,
  "AR_medium": -1.0,
  "AR_small": -1.0,
  "average_time_per_image": 1.0
}