{
  "AP": 0.09276831914898157,
  "AP50": 0.3089188125421238,
  "AP75": 0.03970664054055196,
  "AP_large": 0.14548475184490445,
  "AP_medium": 0.005852429766008006,
  "AP_small": -1.0,
  "AR1": 0.008095238095238096,
  "AR10": 0.1060952380952381,
  "AR100": 0.3222857142857143,
  "AR_large": 0.333502538071066,
  "AR_medium": 0.1523076923076923,
  "AR_small": -1.0,
  "average_time_per_image": 1.0
}