{
  "AP": 0.23346810610433497,
  "AP50": 0.70317018276714,
  "AP75": 0.10333805659176792,
  "AP_large": 0.2405743134038834,
  "AP_medium": 0.13798129479989124,
  "AP_small": -1.0,
  "AR1": 0.020285714285714285,
  "AR10": 0.18095238095238095,
  "AR100": 0.33342857142857146,
  "AR_large": 0.3455837563451777,
  "AR_medium": 0.14923076923076922,
  "AR_small": -1.0,
  "average_time_per_image": 44.58201323032379
}