{
  "AP": 0.0570115445198542,
  "AP50": 0.19297592572177802,
  "AP75": 0.03429524666145076,
  "AP_large": 0.09801950271324023,
  "AP_medium": 0.007272162884444313,
  "AP_small": -1.0,
  "AR1": 0.004190476190476191,
  "AR10": 0.07752380952380952,
  "AR100": 0.19552380952380952,
  "AR_large": 0.1998984771573604,
  "AR_medium": 0.12923076923076923,
  "AR_small": -1.0,
  "average_time_per_image": 1.3172904062271118
}